,items,support,ordered_statistics
0,"frozenset({'8 GB', '10 inch screen', '750 GB'})",0.014925373134328358,"[OrderedStatistic(items_base=frozenset({'10 inch screen', '750 GB'}), items_add=frozenset({'8 GB'}), confidence=1.0, lift=5.153846153846153), OrderedStatistic(items_base=frozenset({'8 GB', '10 inch screen'}), items_add=frozenset({'750 GB'}), confidence=1.0, lift=3.941176470588235)]"
1,"frozenset({'Intel Core i3', '10 inch screen', '750 GB'})",0.014925373134328358,"[OrderedStatistic(items_base=frozenset({'10 inch screen', '750 GB'}), items_add=frozenset({'Intel Core i3'}), confidence=1.0, lift=3.0454545454545454)]"
2,"frozenset({'8 GB', 'Intel Core i3', '10 inch screen'})",0.014925373134328358,"[OrderedStatistic(items_base=frozenset({'8 GB', '10 inch screen'}), items_add=frozenset({'Intel Core i3'}), confidence=1.0, lift=3.0454545454545454)]"
3,"frozenset({'320 GB', 'Intel Core i3', '15 inch screen'})",0.029850746268656716,"[OrderedStatistic(items_base=frozenset({'Intel Core i3', '15 inch screen'}), items_add=frozenset({'320 GB'}), confidence=1.0, lift=3.5263157894736845)]"
4,"frozenset({'8 GB', '750 GB', '15 inch screen'})",0.07462686567164178,"[OrderedStatistic(items_base=frozenset({'750 GB'}), items_add=frozenset({'8 GB', '15 inch screen'}), confidence=0.2941176470588235, lift=3.284313725490196), OrderedStatistic(items_base=frozenset({'8 GB'}), items_add=frozenset({'750 GB', '15 inch screen'}), confidence=0.3846153846153846, lift=3.221153846153846), OrderedStatistic(items_base=frozenset({'750 GB', '15 inch screen'}), items_add=frozenset({'8 GB'}), confidence=0.625, lift=3.2211538461538463), OrderedStatistic(items_base=frozenset({'8 GB', '15 inch screen'}), items_add=frozenset({'750 GB'}), confidence=0.8333333333333333, lift=3.2843137254901955)]"
5,"frozenset({'Intel Core i7', '750 GB', '15 inch screen'})",0.07462686567164178,"[OrderedStatistic(items_base=frozenset({'750 GB'}), items_add=frozenset({'Intel Core i7', '15 inch screen'}), confidence=0.2941176470588235, lift=3.941176470588235), OrderedStatistic(items_base=frozenset({'Intel Core i7'}), items_add=frozenset({'750 GB', '15 inch screen'}), confidence=0.41666666666666663, lift=3.489583333333333), OrderedStatistic(items_base=frozenset({'750 GB', '15 inch screen'}), items_add=frozenset({'Intel Core i7'}), confidence=0.625, lift=3.4895833333333335), OrderedStatistic(items_base=frozenset({'Intel Core i7', '15 inch screen'}), items_add=frozenset({'750 GB'}), confidence=1.0, lift=3.941176470588235)]"
6,"frozenset({'Intel Core i7', '8 GB', '15 inch screen'})",0.05970149253731343,"[OrderedStatistic(items_base=frozenset({'8 GB'}), items_add=frozenset({'Intel Core i7', '15 inch screen'}), confidence=0.30769230769230765, lift=4.123076923076923), OrderedStatistic(items_base=frozenset({'Intel Core i7'}), items_add=frozenset({'8 GB', '15 inch screen'}), confidence=0.33333333333333337, lift=3.7222222222222228), OrderedStatistic(items_base=frozenset({'8 GB', '15 inch screen'}), items_add=frozenset({'Intel Core i7'}), confidence=0.6666666666666667, lift=3.7222222222222228), OrderedStatistic(items_base=frozenset({'Intel Core i7', '15 inch screen'}), items_add=frozenset({'8 GB'}), confidence=0.8, lift=4.1230769230769235)]"
7,"frozenset({'320 GB', '4 GB', '2 GB '})",0.014925373134328358,"[OrderedStatistic(items_base=frozenset({'4 GB', '2 GB '}), items_add=frozenset({'320 GB'}), confidence=1.0, lift=3.5263157894736845)]"
8,"frozenset({'Intel Core i3', '4 GB', '2 GB '})",0.014925373134328358,"[OrderedStatistic(items_base=frozenset({'4 GB', '2 GB '}), items_add=frozenset({'Intel Core i3'}), confidence=1.0, lift=3.0454545454545454)]"
9,"frozenset({'Intel Core i7', '4 GB', '750 GB'})",0.05970149253731343,"[OrderedStatistic(items_base=frozenset({'Intel Core i7'}), items_add=frozenset({'4 GB', '750 GB'}), confidence=0.33333333333333337, lift=3.190476190476191), OrderedStatistic(items_base=frozenset({'4 GB', '750 GB'}), items_add=frozenset({'Intel Core i7'}), confidence=0.5714285714285714, lift=3.1904761904761907)]"
10,"frozenset({'Intel Core i7', '8 GB', '750 GB'})",0.05970149253731343,"[OrderedStatistic(items_base=frozenset({'Intel Core i7'}), items_add=frozenset({'8 GB', '750 GB'}), confidence=0.33333333333333337, lift=3.190476190476191), OrderedStatistic(items_base=frozenset({'8 GB', '750 GB'}), items_add=frozenset({'Intel Core i7'}), confidence=0.5714285714285714, lift=3.1904761904761907)]"
11,"frozenset({'320 GB', 'Intel Core i3', '10 inch screen', '2 GB '})",0.014925373134328358,"[OrderedStatistic(items_base=frozenset({'320 GB', '10 inch screen', '2 GB '}), items_add=frozenset({'Intel Core i3'}), confidence=1.0, lift=3.0454545454545454)]"
12,"frozenset({'Intel Core i3', '10 inch screen', '500 GB', '2 GB '})",0.029850746268656716,"[OrderedStatistic(items_base=frozenset({'10 inch screen', '2 GB '}), items_add=frozenset({'Intel Core i3', '500 GB'}), confidence=0.4, lift=3.35), OrderedStatistic(items_base=frozenset({'Intel Core i3', '500 GB'}), items_add=frozenset({'10 inch screen', '2 GB '}), confidence=0.25, lift=3.35), OrderedStatistic(items_base=frozenset({'Intel Core i3', '500 GB', '2 GB '}), items_add=frozenset({'10 inch screen'}), confidence=1.0, lift=4.1875)]"
13,"frozenset({'8 GB', 'Intel Core i3', '10 inch screen', '750 GB'})",0.014925373134328358,"[OrderedStatistic(items_base=frozenset({'10 inch screen', '750 GB'}), items_add=frozenset({'8 GB', 'Intel Core i3'}), confidence=1.0, lift=33.5), OrderedStatistic(items_base=frozenset({'8 GB', '10 inch screen'}), items_add=frozenset({'Intel Core i3', '750 GB'}), confidence=1.0, lift=13.4), OrderedStatistic(items_base=frozenset({'Intel Core i3', '750 GB'}), items_add=frozenset({'8 GB', '10 inch screen'}), confidence=0.2, lift=13.4), OrderedStatistic(items_base=frozenset({'8 GB', 'Intel Core i3'}), items_add=frozenset({'10 inch screen', '750 GB'}), confidence=0.5, lift=33.5), OrderedStatistic(items_base=frozenset({'8 GB', '10 inch screen', '750 GB'}), items_add=frozenset({'Intel Core i3'}), confidence=1.0, lift=3.0454545454545454), OrderedStatistic(items_base=frozenset({'Intel Core i3', '10 inch screen', '750 GB'}), items_add=frozenset({'8 GB'}), confidence=1.0, lift=5.153846153846153), OrderedStatistic(items_base=frozenset({'8 GB', 'Intel Core i3', '10 inch screen'}), items_add=frozenset({'750 GB'}), confidence=1.0, lift=3.941176470588235), OrderedStatistic(items_base=frozenset({'8 GB', 'Intel Core i3', '750 GB'}), items_add=frozenset({'10 inch screen'}), confidence=1.0, lift=4.1875)]"
14,"frozenset({'nan', '8 GB', '10 inch screen', '750 GB'})",0.014925373134328358,"[OrderedStatistic(items_base=frozenset({'10 inch screen', '750 GB'}), items_add=frozenset({'8 GB', 'nan'}), confidence=1.0, lift=5.153846153846153), OrderedStatistic(items_base=frozenset({'8 GB', '10 inch screen'}), items_add=frozenset({'750 GB', 'nan'}), confidence=1.0, lift=3.941176470588235), OrderedStatistic(items_base=frozenset({'nan', '10 inch screen', '750 GB'}), items_add=frozenset({'8 GB'}), confidence=1.0, lift=5.153846153846153), OrderedStatistic(items_base=frozenset({'8 GB', '10 inch screen', 'nan'}), items_add=frozenset({'750 GB'}), confidence=1.0, lift=3.941176470588235)]"
15,"frozenset({'nan', 'Intel Core i3', '10 inch screen', '750 GB'})",0.014925373134328358,"[OrderedStatistic(items_base=frozenset({'10 inch screen', '750 GB'}), items_add=frozenset({'Intel Core i3', 'nan'}), confidence=1.0, lift=3.0454545454545454), OrderedStatistic(items_base=frozenset({'nan', '10 inch screen', '750 GB'}), items_add=frozenset({'Intel Core i3'}), confidence=1.0, lift=3.0454545454545454)]"
16,"frozenset({'8 GB', 'Intel Core i3', '10 inch screen', 'nan'})",0.014925373134328358,"[OrderedStatistic(items_base=frozenset({'8 GB', '10 inch screen'}), items_add=frozenset({'Intel Core i3', 'nan'}), confidence=1.0, lift=3.0454545454545454), OrderedStatistic(items_base=frozenset({'8 GB', '10 inch screen', 'nan'}), items_add=frozenset({'Intel Core i3'}), confidence=1.0, lift=3.0454545454545454)]"
17,"frozenset({'320 GB', '12 inch screen', '4 GB', '2 GB '})",0.014925373134328358,"[OrderedStatistic(items_base=frozenset({'4 GB', '2 GB '}), items_add=frozenset({'320 GB', '12 inch screen'}), confidence=1.0, lift=11.166666666666668), OrderedStatistic(items_base=frozenset({'12 inch screen', '4 GB', '2 GB '}), items_add=frozenset({'320 GB'}), confidence=1.0, lift=3.5263157894736845)]"
18,"frozenset({'320 GB', '12 inch screen', 'Intel Core i3', '2 GB '})",0.029850746268656716,"[OrderedStatistic(items_base=frozenset({'320 GB', '12 inch screen'}), items_add=frozenset({'Intel Core i3', '2 GB '}), confidence=0.33333333333333337, lift=3.190476190476191), OrderedStatistic(items_base=frozenset({'Intel Core i3', '2 GB '}), items_add=frozenset({'320 GB', '12 inch screen'}), confidence=0.2857142857142857, lift=3.1904761904761907)]"
19,"frozenset({'Intel Core i3', '12 inch screen', '4 GB', '2 GB '})",0.014925373134328358,"[OrderedStatistic(items_base=frozenset({'4 GB', '2 GB '}), items_add=frozenset({'12 inch screen', 'Intel Core i3'}), confidence=1.0, lift=6.090909090909091), OrderedStatistic(items_base=frozenset({'12 inch screen', '4 GB', '2 GB '}), items_add=frozenset({'Intel Core i3'}), confidence=1.0, lift=3.0454545454545454)]"
20,"frozenset({'Intel Core i3', '12 inch screen', '750 GB', '2 GB '})",0.029850746268656716,"[OrderedStatistic(items_base=frozenset({'750 GB', '2 GB '}), items_add=frozenset({'12 inch screen', 'Intel Core i3'}), confidence=0.6666666666666667, lift=4.060606060606061), OrderedStatistic(items_base=frozenset({'12 inch screen', '750 GB', '2 GB '}), items_add=frozenset({'Intel Core i3'}), confidence=1.0, lift=3.0454545454545454)]"
21,"frozenset({'Intel Core i7', '12 inch screen', '4 GB', '750 GB'})",0.04477611940298507,"[OrderedStatistic(items_base=frozenset({'Intel Core i7'}), items_add=frozenset({'12 inch screen', '4 GB', '750 GB'}), confidence=0.25, lift=3.35), OrderedStatistic(items_base=frozenset({'12 inch screen', '750 GB'}), items_add=frozenset({'Intel Core i7', '4 GB'}), confidence=0.375, lift=4.1875), OrderedStatistic(items_base=frozenset({'Intel Core i7', '12 inch screen'}), items_add=frozenset({'4 GB', '750 GB'}), confidence=0.42857142857142855, lift=4.1020408163265305), OrderedStatistic(items_base=frozenset({'4 GB', '750 GB'}), items_add=frozenset({'Intel Core i7', '12 inch screen'}), confidence=0.42857142857142855, lift=4.1020408163265305), OrderedStatistic(items_base=frozenset({'Intel Core i7', '4 GB'}), items_add=frozenset({'12 inch screen', '750 GB'}), confidence=0.5, lift=4.1875), OrderedStatistic(items_base=frozenset({'12 inch screen', '4 GB', '750 GB'}), items_add=frozenset({'Intel Core i7'}), confidence=0.6, lift=3.35)]"
22,"frozenset({'Intel Core i7', '8 GB', '12 inch screen', '500 GB'})",0.029850746268656716,"[OrderedStatistic(items_base=frozenset({'8 GB', '12 inch screen'}), items_add=frozenset({'Intel Core i7', '500 GB'}), confidence=0.33333333333333337, lift=5.583333333333334), OrderedStatistic(items_base=frozenset({'Intel Core i7', '12 inch screen'}), items_add=frozenset({'8 GB', '500 GB'}), confidence=0.2857142857142857, lift=3.1904761904761907), OrderedStatistic(items_base=frozenset({'8 GB', '500 GB'}), items_add=frozenset({'Intel Core i7', '12 inch screen'}), confidence=0.33333333333333337, lift=3.190476190476191), OrderedStatistic(items_base=frozenset({'Intel Core i7', '500 GB'}), items_add=frozenset({'8 GB', '12 inch screen'}), confidence=0.5, lift=5.583333333333334)]"
23,"frozenset({'8 GB', '12 inch screen', '750 GB', 'Intel Core i5'})",0.014925373134328358,"[OrderedStatistic(items_base=frozenset({'12 inch screen', '750 GB', 'Intel Core i5'}), items_add=frozenset({'8 GB'}), confidence=1.0, lift=5.153846153846153)]"
24,"frozenset({'Intel Core i5', '750 GB', '15 inch screen', '2 GB '})",0.014925373134328358,"[OrderedStatistic(items_base=frozenset({'15 inch screen', '2 GB '}), items_add=frozenset({'750 GB', 'Intel Core i5'}), confidence=0.33333333333333337, lift=5.583333333333334), OrderedStatistic(items_base=frozenset({'750 GB', 'Intel Core i5'}), items_add=frozenset({'15 inch screen', '2 GB '}), confidence=0.25, lift=5.583333333333334), OrderedStatistic(items_base=frozenset({'750 GB', 'Intel Core i5', '2 GB '}), items_add=frozenset({'15 inch screen'}), confidence=1.0, lift=3.5263157894736845)]"
25,"frozenset({'320 GB', 'Intel Core i3', '4 GB', '15 inch screen'})",0.029850746268656716,"[OrderedStatistic(items_base=frozenset({'Intel Core i3', '15 inch screen'}), items_add=frozenset({'320 GB', '4 GB'}), confidence=1.0, lift=4.466666666666667), OrderedStatistic(items_base=frozenset({'Intel Core i3', '4 GB', '15 inch screen'}), items_add=frozenset({'320 GB'}), confidence=1.0, lift=3.5263157894736845)]"
26,"frozenset({'320 GB', 'Intel Core i3', '15 inch screen', 'nan'})",0.029850746268656716,"[OrderedStatistic(items_base=frozenset({'Intel Core i3', '15 inch screen'}), items_add=frozenset({'320 GB', 'nan'}), confidence=1.0, lift=3.5263157894736845), OrderedStatistic(items_base=frozenset({'Intel Core i3', '15 inch screen', 'nan'}), items_add=frozenset({'320 GB'}), confidence=1.0, lift=3.5263157894736845)]"
27,"frozenset({'Intel Core i5', '4 GB', '15 inch screen', '750 GB'})",0.014925373134328358,"[OrderedStatistic(items_base=frozenset({'4 GB', 'Intel Core i5', '750 GB'}), items_add=frozenset({'15 inch screen'}), confidence=1.0, lift=3.5263157894736845)]"
28,"frozenset({'Intel Core i7', '4 GB', '15 inch screen', '750 GB'})",0.014925373134328358,"[OrderedStatistic(items_base=frozenset({'Intel Core i7', '4 GB', '15 inch screen'}), items_add=frozenset({'750 GB'}), confidence=1.0, lift=3.941176470588235)]"
29,"frozenset({'Intel Core i7', '8 GB', '750 GB', '15 inch screen'})",0.05970149253731343,"[OrderedStatistic(items_base=frozenset({'15 inch screen'}), items_add=frozenset({'Intel Core i7', '8 GB', '750 GB'}), confidence=0.2105263157894737, lift=3.5263157894736845), OrderedStatistic(items_base=frozenset({'750 GB'}), items_add=frozenset({'Intel Core i7', '8 GB', '15 inch screen'}), confidence=0.23529411764705882, lift=3.9411764705882355), OrderedStatistic(items_base=frozenset({'8 GB'}), items_add=frozenset({'Intel Core i7', '750 GB', '15 inch screen'}), confidence=0.30769230769230765, lift=4.123076923076923), OrderedStatistic(items_base=frozenset({'Intel Core i7'}), items_add=frozenset({'8 GB', '750 GB', '15 inch screen'}), confidence=0.33333333333333337, lift=4.466666666666668), OrderedStatistic(items_base=frozenset({'750 GB', '15 inch screen'}), items_add=frozenset({'Intel Core i7', '8 GB'}), confidence=0.5, lift=5.583333333333334), OrderedStatistic(items_base=frozenset({'8 GB', '15 inch screen'}), items_add=frozenset({'Intel Core i7', '750 GB'}), confidence=0.6666666666666667, lift=5.583333333333334), OrderedStatistic(items_base=frozenset({'Intel Core i7', '15 inch screen'}), items_add=frozenset({'8 GB', '750 GB'}), confidence=0.8, lift=7.6571428571428575), OrderedStatistic(items_base=frozenset({'8 GB', '750 GB'}), items_add=frozenset({'Intel Core i7', '15 inch screen'}), confidence=0.5714285714285714, lift=7.6571428571428575), OrderedStatistic(items_base=frozenset({'Intel Core i7', '750 GB'}), items_add=frozenset({'8 GB', '15 inch screen'}), confidence=0.5, lift=5.583333333333334), OrderedStatistic(items_base=frozenset({'Intel Core i7', '8 GB'}), items_add=frozenset({'750 GB', '15 inch screen'}), confidence=0.6666666666666667, lift=5.583333333333334), OrderedStatistic(items_base=frozenset({'8 GB', '750 GB', '15 inch screen'}), items_add=frozenset({'Intel Core i7'}), confidence=0.8, lift=4.466666666666667), OrderedStatistic(items_base=frozenset({'Intel Core i7', '750 GB', '15 inch screen'}), items_add=frozenset({'8 GB'}), confidence=0.8, lift=4.1230769230769235), OrderedStatistic(items_base=frozenset({'Intel Core i7', '8 GB', '15 inch screen'}), items_add=frozenset({'750 GB'}), confidence=1.0, lift=3.941176470588235), OrderedStatistic(items_base=frozenset({'Intel Core i7', '8 GB', '750 GB'}), items_add=frozenset({'15 inch screen'}), confidence=1.0, lift=3.5263157894736845)]"
30,"frozenset({'8 GB', '750 GB', '15 inch screen', 'nan'})",0.07462686567164178,"[OrderedStatistic(items_base=frozenset({'750 GB'}), items_add=frozenset({'8 GB', '15 inch screen', 'nan'}), confidence=0.2941176470588235, lift=3.284313725490196), OrderedStatistic(items_base=frozenset({'8 GB'}), items_add=frozenset({'750 GB', '15 inch screen', 'nan'}), confidence=0.3846153846153846, lift=3.221153846153846), OrderedStatistic(items_base=frozenset({'750 GB', '15 inch screen'}), items_add=frozenset({'8 GB', 'nan'}), confidence=0.625, lift=3.2211538461538463), OrderedStatistic(items_base=frozenset({'8 GB', '15 inch screen'}), items_add=frozenset({'750 GB', 'nan'}), confidence=0.8333333333333333, lift=3.2843137254901955), OrderedStatistic(items_base=frozenset({'750 GB', 'nan'}), items_add=frozenset({'8 GB', '15 inch screen'}), confidence=0.2941176470588235, lift=3.284313725490196), OrderedStatistic(items_base=frozenset({'8 GB', 'nan'}), items_add=frozenset({'750 GB', '15 inch screen'}), confidence=0.3846153846153846, lift=3.221153846153846), OrderedStatistic(items_base=frozenset({'750 GB', '15 inch screen', 'nan'}), items_add=frozenset({'8 GB'}), confidence=0.625, lift=3.2211538461538463), OrderedStatistic(items_base=frozenset({'8 GB', '15 inch screen', 'nan'}), items_add=frozenset({'750 GB'}), confidence=0.8333333333333333, lift=3.2843137254901955)]"
31,"frozenset({'Intel Core i7', '750 GB', '15 inch screen', 'nan'})",0.07462686567164178,"[OrderedStatistic(items_base=frozenset({'750 GB'}), items_add=frozenset({'Intel Core i7', '15 inch screen', 'nan'}), confidence=0.2941176470588235, lift=3.941176470588235), OrderedStatistic(items_base=frozenset({'Intel Core i7'}), items_add=frozenset({'750 GB', '15 inch screen', 'nan'}), confidence=0.41666666666666663, lift=3.489583333333333), OrderedStatistic(items_base=frozenset({'750 GB', '15 inch screen'}), items_add=frozenset({'Intel Core i7', 'nan'}), confidence=0.625, lift=3.4895833333333335), OrderedStatistic(items_base=frozenset({'Intel Core i7', '15 inch screen'}), items_add=frozenset({'750 GB', 'nan'}), confidence=1.0, lift=3.941176470588235), OrderedStatistic(items_base=frozenset({'750 GB', 'nan'}), items_add=frozenset({'Intel Core i7', '15 inch screen'}), confidence=0.2941176470588235, lift=3.941176470588235), OrderedStatistic(items_base=frozenset({'Intel Core i7', 'nan'}), items_add=frozenset({'750 GB', '15 inch screen'}), confidence=0.41666666666666663, lift=3.489583333333333), OrderedStatistic(items_base=frozenset({'750 GB', '15 inch screen', 'nan'}), items_add=frozenset({'Intel Core i7'}), confidence=0.625, lift=3.4895833333333335), OrderedStatistic(items_base=frozenset({'Intel Core i7', '15 inch screen', 'nan'}), items_add=frozenset({'750 GB'}), confidence=1.0, lift=3.941176470588235)]"
32,"frozenset({'Intel Core i7', '8 GB', '15 inch screen', 'nan'})",0.05970149253731343,"[OrderedStatistic(items_base=frozenset({'8 GB'}), items_add=frozenset({'Intel Core i7', '15 inch screen', 'nan'}), confidence=0.30769230769230765, lift=4.123076923076923), OrderedStatistic(items_base=frozenset({'Intel Core i7'}), items_add=frozenset({'8 GB', '15 inch screen', 'nan'}), confidence=0.33333333333333337, lift=3.7222222222222228), OrderedStatistic(items_base=frozenset({'8 GB', '15 inch screen'}), items_add=frozenset({'Intel Core i7', 'nan'}), confidence=0.6666666666666667, lift=3.7222222222222228), OrderedStatistic(items_base=frozenset({'Intel Core i7', '15 inch screen'}), items_add=frozenset({'8 GB', 'nan'}), confidence=0.8, lift=4.1230769230769235), OrderedStatistic(items_base=frozenset({'8 GB', 'nan'}), items_add=frozenset({'Intel Core i7', '15 inch screen'}), confidence=0.30769230769230765, lift=4.123076923076923), OrderedStatistic(items_base=frozenset({'Intel Core i7', 'nan'}), items_add=frozenset({'8 GB', '15 inch screen'}), confidence=0.33333333333333337, lift=3.7222222222222228), OrderedStatistic(items_base=frozenset({'8 GB', '15 inch screen', 'nan'}), items_add=frozenset({'Intel Core i7'}), confidence=0.6666666666666667, lift=3.7222222222222228), OrderedStatistic(items_base=frozenset({'Intel Core i7', '15 inch screen', 'nan'}), items_add=frozenset({'8 GB'}), confidence=0.8, lift=4.1230769230769235)]"
33,"frozenset({'320 GB', 'Intel Core i3', '4 GB', '2 GB '})",0.014925373134328358,"[OrderedStatistic(items_base=frozenset({'4 GB', '2 GB '}), items_add=frozenset({'320 GB', 'Intel Core i3'}), confidence=1.0, lift=7.444444444444445), OrderedStatistic(items_base=frozenset({'320 GB', '4 GB', '2 GB '}), items_add=frozenset({'Intel Core i3'}), confidence=1.0, lift=3.0454545454545454), OrderedStatistic(items_base=frozenset({'Intel Core i3', '4 GB', '2 GB '}), items_add=frozenset({'320 GB'}), confidence=1.0, lift=3.5263157894736845)]"
34,"frozenset({'320 GB', 'nan', '4 GB', '2 GB '})",0.014925373134328358,"[OrderedStatistic(items_base=frozenset({'4 GB', '2 GB '}), items_add=frozenset({'320 GB', 'nan'}), confidence=1.0, lift=3.5263157894736845), OrderedStatistic(items_base=frozenset({'nan', '4 GB', '2 GB '}), items_add=frozenset({'320 GB'}), confidence=1.0, lift=3.5263157894736845)]"
35,"frozenset({'nan', 'Intel Core i3', '4 GB', '2 GB '})",0.014925373134328358,"[OrderedStatistic(items_base=frozenset({'4 GB', '2 GB '}), items_add=frozenset({'Intel Core i3', 'nan'}), confidence=1.0, lift=3.0454545454545454), OrderedStatistic(items_base=frozenset({'nan', '4 GB', '2 GB '}), items_add=frozenset({'Intel Core i3'}), confidence=1.0, lift=3.0454545454545454)]"
36,"frozenset({'Intel Core i7', 'nan', '4 GB', '750 GB'})",0.05970149253731343,"[OrderedStatistic(items_base=frozenset({'Intel Core i7'}), items_add=frozenset({'750 GB', '4 GB', 'nan'}), confidence=0.33333333333333337, lift=3.190476190476191), OrderedStatistic(items_base=frozenset({'4 GB', '750 GB'}), items_add=frozenset({'Intel Core i7', 'nan'}), confidence=0.5714285714285714, lift=3.1904761904761907), OrderedStatistic(items_base=frozenset({'Intel Core i7', 'nan'}), items_add=frozenset({'4 GB', '750 GB'}), confidence=0.33333333333333337, lift=3.190476190476191), OrderedStatistic(items_base=frozenset({'nan', '4 GB', '750 GB'}), items_add=frozenset({'Intel Core i7'}), confidence=0.5714285714285714, lift=3.1904761904761907)]"
37,"frozenset({'Intel Core i7', '8 GB', '750 GB', 'nan'})",0.05970149253731343,"[OrderedStatistic(items_base=frozenset({'Intel Core i7'}), items_add=frozenset({'8 GB', '750 GB', 'nan'}), confidence=0.33333333333333337, lift=3.190476190476191), OrderedStatistic(items_base=frozenset({'8 GB', '750 GB'}), items_add=frozenset({'Intel Core i7', 'nan'}), confidence=0.5714285714285714, lift=3.1904761904761907), OrderedStatistic(items_base=frozenset({'Intel Core i7', 'nan'}), items_add=frozenset({'8 GB', '750 GB'}), confidence=0.33333333333333337, lift=3.190476190476191), OrderedStatistic(items_base=frozenset({'8 GB', '750 GB', 'nan'}), items_add=frozenset({'Intel Core i7'}), confidence=0.5714285714285714, lift=3.1904761904761907)]"
38,"frozenset({'320 GB', 'Intel Core i3', '2 GB ', '10 inch screen', 'nan'})",0.014925373134328358,"[OrderedStatistic(items_base=frozenset({'320 GB', '10 inch screen', '2 GB '}), items_add=frozenset({'Intel Core i3', 'nan'}), confidence=1.0, lift=3.0454545454545454), OrderedStatistic(items_base=frozenset({'320 GB', 'nan', '10 inch screen', '2 GB '}), items_add=frozenset({'Intel Core i3'}), confidence=1.0, lift=3.0454545454545454)]"
39,"frozenset({'Intel Core i3', '2 GB ', '10 inch screen', 'nan', '500 GB'})",0.029850746268656716,"[OrderedStatistic(items_base=frozenset({'10 inch screen', '2 GB '}), items_add=frozenset({'Intel Core i3', '500 GB', 'nan'}), confidence=0.4, lift=3.35), OrderedStatistic(items_base=frozenset({'Intel Core i3', '500 GB'}), items_add=frozenset({'nan', '10 inch screen', '2 GB '}), confidence=0.25, lift=3.35), OrderedStatistic(items_base=frozenset({'nan', '10 inch screen', '2 GB '}), items_add=frozenset({'Intel Core i3', '500 GB'}), confidence=0.4, lift=3.35), OrderedStatistic(items_base=frozenset({'Intel Core i3', '500 GB', '2 GB '}), items_add=frozenset({'10 inch screen', 'nan'}), confidence=1.0, lift=4.1875), OrderedStatistic(items_base=frozenset({'Intel Core i3', '500 GB', 'nan'}), items_add=frozenset({'10 inch screen', '2 GB '}), confidence=0.25, lift=3.35), OrderedStatistic(items_base=frozenset({'nan', 'Intel Core i3', '500 GB', '2 GB '}), items_add=frozenset({'10 inch screen'}), confidence=1.0, lift=4.1875)]"
40,"frozenset({'Intel Core i3', '10 inch screen', '750 GB', '8 GB', 'nan'})",0.014925373134328358,"[OrderedStatistic(items_base=frozenset({'10 inch screen', '750 GB'}), items_add=frozenset({'8 GB', 'Intel Core i3', 'nan'}), confidence=1.0, lift=33.5), OrderedStatistic(items_base=frozenset({'8 GB', '10 inch screen'}), items_add=frozenset({'Intel Core i3', '750 GB', 'nan'}), confidence=1.0, lift=13.4), OrderedStatistic(items_base=frozenset({'Intel Core i3', '750 GB'}), items_add=frozenset({'8 GB', '10 inch screen', 'nan'}), confidence=0.2, lift=13.4), OrderedStatistic(items_base=frozenset({'8 GB', 'Intel Core i3'}), items_add=frozenset({'nan', '10 inch screen', '750 GB'}), confidence=0.5, lift=33.5), OrderedStatistic(items_base=frozenset({'8 GB', '10 inch screen', '750 GB'}), items_add=frozenset({'Intel Core i3', 'nan'}), confidence=1.0, lift=3.0454545454545454), OrderedStatistic(items_base=frozenset({'Intel Core i3', '10 inch screen', '750 GB'}), items_add=frozenset({'8 GB', 'nan'}), confidence=1.0, lift=5.153846153846153), OrderedStatistic(items_base=frozenset({'nan', '10 inch screen', '750 GB'}), items_add=frozenset({'8 GB', 'Intel Core i3'}), confidence=1.0, lift=33.5), OrderedStatistic(items_base=frozenset({'8 GB', 'Intel Core i3', '10 inch screen'}), items_add=frozenset({'750 GB', 'nan'}), confidence=1.0, lift=3.941176470588235), OrderedStatistic(items_base=frozenset({'8 GB', '10 inch screen', 'nan'}), items_add=frozenset({'Intel Core i3', '750 GB'}), confidence=1.0, lift=13.4), OrderedStatistic(items_base=frozenset({'8 GB', 'Intel Core i3', '750 GB'}), items_add=frozenset({'10 inch screen', 'nan'}), confidence=1.0, lift=4.1875), OrderedStatistic(items_base=frozenset({'Intel Core i3', '750 GB', 'nan'}), items_add=frozenset({'8 GB', '10 inch screen'}), confidence=0.2, lift=13.4), OrderedStatistic(items_base=frozenset({'8 GB', 'Intel Core i3', 'nan'}), items_add=frozenset({'10 inch screen', '750 GB'}), confidence=0.5, lift=33.5), OrderedStatistic(items_base=frozenset({'nan', '8 GB', '10 inch screen', '750 GB'}), items_add=frozenset({'Intel Core i3'}), confidence=1.0, lift=3.0454545454545454), OrderedStatistic(items_base=frozenset({'nan', 'Intel Core i3', '10 inch screen', '750 GB'}), items_add=frozenset({'8 GB'}), confidence=1.0, lift=5.153846153846153), OrderedStatistic(items_base=frozenset({'8 GB', 'Intel Core i3', '10 inch screen', 'nan'}), items_add=frozenset({'750 GB'}), confidence=1.0, lift=3.941176470588235), OrderedStatistic(items_base=frozenset({'8 GB', 'Intel Core i3', '750 GB', 'nan'}), items_add=frozenset({'10 inch screen'}), confidence=1.0, lift=4.1875)]"
41,"frozenset({'320 GB', 'Intel Core i3', '2 GB ', '4 GB', '12 inch screen'})",0.014925373134328358,"[OrderedStatistic(items_base=frozenset({'4 GB', '2 GB '}), items_add=frozenset({'320 GB', 'Intel Core i3', '12 inch screen'}), confidence=1.0, lift=22.333333333333336), OrderedStatistic(items_base=frozenset({'12 inch screen', '4 GB', '2 GB '}), items_add=frozenset({'320 GB', 'Intel Core i3'}), confidence=1.0, lift=7.444444444444445), OrderedStatistic(items_base=frozenset({'320 GB', '12 inch screen', '4 GB'}), items_add=frozenset({'Intel Core i3', '2 GB '}), confidence=0.33333333333333337, lift=3.190476190476191), OrderedStatistic(items_base=frozenset({'320 GB', '12 inch screen', 'Intel Core i3'}), items_add=frozenset({'4 GB', '2 GB '}), confidence=0.33333333333333337, lift=22.333333333333336), OrderedStatistic(items_base=frozenset({'320 GB', '4 GB', '2 GB '}), items_add=frozenset({'12 inch screen', 'Intel Core i3'}), confidence=1.0, lift=6.090909090909091), OrderedStatistic(items_base=frozenset({'Intel Core i3', '4 GB', '2 GB '}), items_add=frozenset({'320 GB', '12 inch screen'}), confidence=1.0, lift=11.166666666666668), OrderedStatistic(items_base=frozenset({'320 GB', '12 inch screen', '4 GB', '2 GB '}), items_add=frozenset({'Intel Core i3'}), confidence=1.0, lift=3.0454545454545454), OrderedStatistic(items_base=frozenset({'Intel Core i3', '12 inch screen', '4 GB', '2 GB '}), items_add=frozenset({'320 GB'}), confidence=1.0, lift=3.5263157894736845)]"
42,"frozenset({'320 GB', '2 GB ', '4 GB', 'nan', '12 inch screen'})",0.014925373134328358,"[OrderedStatistic(items_base=frozenset({'4 GB', '2 GB '}), items_add=frozenset({'320 GB', '12 inch screen', 'nan'}), confidence=1.0, lift=11.166666666666668), OrderedStatistic(items_base=frozenset({'12 inch screen', '4 GB', '2 GB '}), items_add=frozenset({'320 GB', 'nan'}), confidence=1.0, lift=3.5263157894736845), OrderedStatistic(items_base=frozenset({'nan', '4 GB', '2 GB '}), items_add=frozenset({'320 GB', '12 inch screen'}), confidence=1.0, lift=11.166666666666668), OrderedStatistic(items_base=frozenset({'nan', '12 inch screen', '4 GB', '2 GB '}), items_add=frozenset({'320 GB'}), confidence=1.0, lift=3.5263157894736845)]"
43,"frozenset({'320 GB', 'Intel Core i3', '2 GB ', 'nan', '12 inch screen'})",0.029850746268656716,"[OrderedStatistic(items_base=frozenset({'320 GB', '12 inch screen'}), items_add=frozenset({'nan', 'Intel Core i3', '2 GB '}), confidence=0.33333333333333337, lift=3.190476190476191), OrderedStatistic(items_base=frozenset({'Intel Core i3', '2 GB '}), items_add=frozenset({'320 GB', '12 inch screen', 'nan'}), confidence=0.2857142857142857, lift=3.1904761904761907), OrderedStatistic(items_base=frozenset({'320 GB', '12 inch screen', 'nan'}), items_add=frozenset({'Intel Core i3', '2 GB '}), confidence=0.33333333333333337, lift=3.190476190476191), OrderedStatistic(items_base=frozenset({'nan', 'Intel Core i3', '2 GB '}), items_add=frozenset({'320 GB', '12 inch screen'}), confidence=0.2857142857142857, lift=3.1904761904761907)]"
44,"frozenset({'Intel Core i3', '2 GB ', '4 GB', 'nan', '12 inch screen'})",0.014925373134328358,"[OrderedStatistic(items_base=frozenset({'4 GB', '2 GB '}), items_add=frozenset({'12 inch screen', 'Intel Core i3', 'nan'}), confidence=1.0, lift=6.090909090909091), OrderedStatistic(items_base=frozenset({'12 inch screen', '4 GB', '2 GB '}), items_add=frozenset({'Intel Core i3', 'nan'}), confidence=1.0, lift=3.0454545454545454), OrderedStatistic(items_base=frozenset({'nan', '4 GB', '2 GB '}), items_add=frozenset({'12 inch screen', 'Intel Core i3'}), confidence=1.0, lift=6.090909090909091), OrderedStatistic(items_base=frozenset({'nan', '12 inch screen', '4 GB', '2 GB '}), items_add=frozenset({'Intel Core i3'}), confidence=1.0, lift=3.0454545454545454)]"
45,"frozenset({'Intel Core i3', '2 GB ', '750 GB', 'nan', '12 inch screen'})",0.029850746268656716,"[OrderedStatistic(items_base=frozenset({'750 GB', '2 GB '}), items_add=frozenset({'12 inch screen', 'Intel Core i3', 'nan'}), confidence=0.6666666666666667, lift=4.060606060606061), OrderedStatistic(items_base=frozenset({'12 inch screen', '750 GB', '2 GB '}), items_add=frozenset({'Intel Core i3', 'nan'}), confidence=1.0, lift=3.0454545454545454), OrderedStatistic(items_base=frozenset({'nan', '750 GB', '2 GB '}), items_add=frozenset({'12 inch screen', 'Intel Core i3'}), confidence=0.6666666666666667, lift=4.060606060606061), OrderedStatistic(items_base=frozenset({'nan', '12 inch screen', '750 GB', '2 GB '}), items_add=frozenset({'Intel Core i3'}), confidence=1.0, lift=3.0454545454545454)]"
46,"frozenset({'750 GB', 'Intel Core i7', '4 GB', 'nan', '12 inch screen'})",0.04477611940298507,"[OrderedStatistic(items_base=frozenset({'Intel Core i7'}), items_add=frozenset({'4 GB', '12 inch screen', '750 GB', 'nan'}), confidence=0.25, lift=3.35), OrderedStatistic(items_base=frozenset({'12 inch screen', '750 GB'}), items_add=frozenset({'Intel Core i7', '4 GB', 'nan'}), confidence=0.375, lift=4.1875), OrderedStatistic(items_base=frozenset({'Intel Core i7', '12 inch screen'}), items_add=frozenset({'4 GB', '750 GB', 'nan'}), confidence=0.42857142857142855, lift=4.1020408163265305), OrderedStatistic(items_base=frozenset({'4 GB', '750 GB'}), items_add=frozenset({'Intel Core i7', '12 inch screen', 'nan'}), confidence=0.42857142857142855, lift=4.1020408163265305), OrderedStatistic(items_base=frozenset({'Intel Core i7', '4 GB'}), items_add=frozenset({'12 inch screen', '750 GB', 'nan'}), confidence=0.5, lift=4.1875), OrderedStatistic(items_base=frozenset({'Intel Core i7', 'nan'}), items_add=frozenset({'4 GB', '12 inch screen', '750 GB'}), confidence=0.25, lift=3.35), OrderedStatistic(items_base=frozenset({'12 inch screen', '4 GB', '750 GB'}), items_add=frozenset({'Intel Core i7', 'nan'}), confidence=0.6, lift=3.35), OrderedStatistic(items_base=frozenset({'12 inch screen', '750 GB', 'nan'}), items_add=frozenset({'Intel Core i7', '4 GB'}), confidence=0.375, lift=4.1875), OrderedStatistic(items_base=frozenset({'Intel Core i7', '12 inch screen', 'nan'}), items_add=frozenset({'4 GB', '750 GB'}), confidence=0.42857142857142855, lift=4.1020408163265305), OrderedStatistic(items_base=frozenset({'nan', '4 GB', '750 GB'}), items_add=frozenset({'Intel Core i7', '12 inch screen'}), confidence=0.42857142857142855, lift=4.1020408163265305), OrderedStatistic(items_base=frozenset({'Intel Core i7', '4 GB', 'nan'}), items_add=frozenset({'12 inch screen', '750 GB'}), confidence=0.5, lift=4.1875), OrderedStatistic(items_base=frozenset({'nan', '12 inch screen', '4 GB', '750 GB'}), items_add=frozenset({'Intel Core i7'}), confidence=0.6, lift=3.35)]"
47,"frozenset({'Intel Core i7', '8 GB', 'nan', '12 inch screen', '500 GB'})",0.029850746268656716,"[OrderedStatistic(items_base=frozenset({'8 GB', '12 inch screen'}), items_add=frozenset({'Intel Core i7', '500 GB', 'nan'}), confidence=0.33333333333333337, lift=5.583333333333334), OrderedStatistic(items_base=frozenset({'Intel Core i7', '12 inch screen'}), items_add=frozenset({'8 GB', '500 GB', 'nan'}), confidence=0.2857142857142857, lift=3.1904761904761907), OrderedStatistic(items_base=frozenset({'8 GB', '500 GB'}), items_add=frozenset({'Intel Core i7', '12 inch screen', 'nan'}), confidence=0.33333333333333337, lift=3.190476190476191), OrderedStatistic(items_base=frozenset({'Intel Core i7', '500 GB'}), items_add=frozenset({'8 GB', '12 inch screen', 'nan'}), confidence=0.5, lift=5.583333333333334), OrderedStatistic(items_base=frozenset({'8 GB', '12 inch screen', 'nan'}), items_add=frozenset({'Intel Core i7', '500 GB'}), confidence=0.33333333333333337, lift=5.583333333333334), OrderedStatistic(items_base=frozenset({'Intel Core i7', '12 inch screen', 'nan'}), items_add=frozenset({'8 GB', '500 GB'}), confidence=0.2857142857142857, lift=3.1904761904761907), OrderedStatistic(items_base=frozenset({'8 GB', '500 GB', 'nan'}), items_add=frozenset({'Intel Core i7', '12 inch screen'}), confidence=0.33333333333333337, lift=3.190476190476191), OrderedStatistic(items_base=frozenset({'Intel Core i7', '500 GB', 'nan'}), items_add=frozenset({'8 GB', '12 inch screen'}), confidence=0.5, lift=5.583333333333334)]"
48,"frozenset({'Intel Core i5', '750 GB', '8 GB', 'nan', '12 inch screen'})",0.014925373134328358,"[OrderedStatistic(items_base=frozenset({'12 inch screen', '750 GB', 'Intel Core i5'}), items_add=frozenset({'8 GB', 'nan'}), confidence=1.0, lift=5.153846153846153), OrderedStatistic(items_base=frozenset({'12 inch screen', '750 GB', 'Intel Core i5', 'nan'}), items_add=frozenset({'8 GB'}), confidence=1.0, lift=5.153846153846153)]"
49,"frozenset({'Intel Core i5', '15 inch screen', '2 GB ', '750 GB', 'nan'})",0.014925373134328358,"[OrderedStatistic(items_base=frozenset({'15 inch screen', '2 GB '}), items_add=frozenset({'750 GB', 'Intel Core i5', 'nan'}), confidence=0.33333333333333337, lift=5.583333333333334), OrderedStatistic(items_base=frozenset({'750 GB', 'Intel Core i5'}), items_add=frozenset({'nan', '15 inch screen', '2 GB '}), confidence=0.25, lift=5.583333333333334), OrderedStatistic(items_base=frozenset({'nan', '15 inch screen', '2 GB '}), items_add=frozenset({'750 GB', 'Intel Core i5'}), confidence=0.33333333333333337, lift=5.583333333333334), OrderedStatistic(items_base=frozenset({'750 GB', 'Intel Core i5', '2 GB '}), items_add=frozenset({'15 inch screen', 'nan'}), confidence=1.0, lift=3.5263157894736845), OrderedStatistic(items_base=frozenset({'750 GB', 'Intel Core i5', 'nan'}), items_add=frozenset({'15 inch screen', '2 GB '}), confidence=0.25, lift=5.583333333333334), OrderedStatistic(items_base=frozenset({'nan', '750 GB', 'Intel Core i5', '2 GB '}), items_add=frozenset({'15 inch screen'}), confidence=1.0, lift=3.5263157894736845)]"
50,"frozenset({'320 GB', 'Intel Core i3', '15 inch screen', '4 GB', 'nan'})",0.029850746268656716,"[OrderedStatistic(items_base=frozenset({'Intel Core i3', '15 inch screen'}), items_add=frozenset({'320 GB', '4 GB', 'nan'}), confidence=1.0, lift=4.466666666666667), OrderedStatistic(items_base=frozenset({'Intel Core i3', '4 GB', '15 inch screen'}), items_add=frozenset({'320 GB', 'nan'}), confidence=1.0, lift=3.5263157894736845), OrderedStatistic(items_base=frozenset({'Intel Core i3', '15 inch screen', 'nan'}), items_add=frozenset({'320 GB', '4 GB'}), confidence=1.0, lift=4.466666666666667), OrderedStatistic(items_base=frozenset({'Intel Core i3', '4 GB', '15 inch screen', 'nan'}), items_add=frozenset({'320 GB'}), confidence=1.0, lift=3.5263157894736845)]"
51,"frozenset({'Intel Core i5', '15 inch screen', '750 GB', '4 GB', 'nan'})",0.014925373134328358,"[OrderedStatistic(items_base=frozenset({'4 GB', 'Intel Core i5', '750 GB'}), items_add=frozenset({'15 inch screen', 'nan'}), confidence=1.0, lift=3.5263157894736845), OrderedStatistic(items_base=frozenset({'nan', '4 GB', 'Intel Core i5', '750 GB'}), items_add=frozenset({'15 inch screen'}), confidence=1.0, lift=3.5263157894736845)]"
52,"frozenset({'15 inch screen', '750 GB', 'Intel Core i7', '4 GB', 'nan'})",0.014925373134328358,"[OrderedStatistic(items_base=frozenset({'Intel Core i7', '4 GB', '15 inch screen'}), items_add=frozenset({'750 GB', 'nan'}), confidence=1.0, lift=3.941176470588235), OrderedStatistic(items_base=frozenset({'Intel Core i7', '4 GB', '15 inch screen', 'nan'}), items_add=frozenset({'750 GB'}), confidence=1.0, lift=3.941176470588235)]"
53,"frozenset({'15 inch screen', '750 GB', 'Intel Core i7', '8 GB', 'nan'})",0.05970149253731343,"[OrderedStatistic(items_base=frozenset({'15 inch screen'}), items_add=frozenset({'Intel Core i7', '8 GB', '750 GB', 'nan'}), confidence=0.2105263157894737, lift=3.5263157894736845), OrderedStatistic(items_base=frozenset({'750 GB'}), items_add=frozenset({'Intel Core i7', '8 GB', '15 inch screen', 'nan'}), confidence=0.23529411764705882, lift=3.9411764705882355), OrderedStatistic(items_base=frozenset({'8 GB'}), items_add=frozenset({'Intel Core i7', '750 GB', '15 inch screen', 'nan'}), confidence=0.30769230769230765, lift=4.123076923076923), OrderedStatistic(items_base=frozenset({'Intel Core i7'}), items_add=frozenset({'8 GB', '750 GB', '15 inch screen', 'nan'}), confidence=0.33333333333333337, lift=4.466666666666668), OrderedStatistic(items_base=frozenset({'750 GB', '15 inch screen'}), items_add=frozenset({'Intel Core i7', '8 GB', 'nan'}), confidence=0.5, lift=5.583333333333334), OrderedStatistic(items_base=frozenset({'8 GB', '15 inch screen'}), items_add=frozenset({'Intel Core i7', '750 GB', 'nan'}), confidence=0.6666666666666667, lift=5.583333333333334), OrderedStatistic(items_base=frozenset({'Intel Core i7', '15 inch screen'}), items_add=frozenset({'8 GB', '750 GB', 'nan'}), confidence=0.8, lift=7.6571428571428575), OrderedStatistic(items_base=frozenset({'15 inch screen', 'nan'}), items_add=frozenset({'Intel Core i7', '8 GB', '750 GB'}), confidence=0.2105263157894737, lift=3.5263157894736845), OrderedStatistic(items_base=frozenset({'8 GB', '750 GB'}), items_add=frozenset({'Intel Core i7', '15 inch screen', 'nan'}), confidence=0.5714285714285714, lift=7.6571428571428575), OrderedStatistic(items_base=frozenset({'Intel Core i7', '750 GB'}), items_add=frozenset({'8 GB', '15 inch screen', 'nan'}), confidence=0.5, lift=5.583333333333334), OrderedStatistic(items_base=frozenset({'750 GB', 'nan'}), items_add=frozenset({'Intel Core i7', '8 GB', '15 inch screen'}), confidence=0.23529411764705882, lift=3.9411764705882355), OrderedStatistic(items_base=frozenset({'Intel Core i7', '8 GB'}), items_add=frozenset({'750 GB', '15 inch screen', 'nan'}), confidence=0.6666666666666667, lift=5.583333333333334), OrderedStatistic(items_base=frozenset({'8 GB', 'nan'}), items_add=frozenset({'Intel Core i7', '750 GB', '15 inch screen'}), confidence=0.30769230769230765, lift=4.123076923076923), OrderedStatistic(items_base=frozenset({'Intel Core i7', 'nan'}), items_add=frozenset({'8 GB', '750 GB', '15 inch screen'}), confidence=0.33333333333333337, lift=4.466666666666668), OrderedStatistic(items_base=frozenset({'8 GB', '750 GB', '15 inch screen'}), items_add=frozenset({'Intel Core i7', 'nan'}), confidence=0.8, lift=4.466666666666667), OrderedStatistic(items_base=frozenset({'Intel Core i7', '750 GB', '15 inch screen'}), items_add=frozenset({'8 GB', 'nan'}), confidence=0.8, lift=4.1230769230769235), OrderedStatistic(items_base=frozenset({'750 GB', '15 inch screen', 'nan'}), items_add=frozenset({'Intel Core i7', '8 GB'}), confidence=0.5, lift=5.583333333333334), OrderedStatistic(items_base=frozenset({'Intel Core i7', '8 GB', '15 inch screen'}), items_add=frozenset({'750 GB', 'nan'}), confidence=1.0, lift=3.941176470588235), OrderedStatistic(items_base=frozenset({'8 GB', '15 inch screen', 'nan'}), items_add=frozenset({'Intel Core i7', '750 GB'}), confidence=0.6666666666666667, lift=5.583333333333334), OrderedStatistic(items_base=frozenset({'Intel Core i7', '15 inch screen', 'nan'}), items_add=frozenset({'8 GB', '750 GB'}), confidence=0.8, lift=7.6571428571428575), OrderedStatistic(items_base=frozenset({'Intel Core i7', '8 GB', '750 GB'}), items_add=frozenset({'15 inch screen', 'nan'}), confidence=1.0, lift=3.5263157894736845), OrderedStatistic(items_base=frozenset({'8 GB', '750 GB', 'nan'}), items_add=frozenset({'Intel Core i7', '15 inch screen'}), confidence=0.5714285714285714, lift=7.6571428571428575), OrderedStatistic(items_base=frozenset({'Intel Core i7', '750 GB', 'nan'}), items_add=frozenset({'8 GB', '15 inch screen'}), confidence=0.5, lift=5.583333333333334), OrderedStatistic(items_base=frozenset({'Intel Core i7', '8 GB', 'nan'}), items_add=frozenset({'750 GB', '15 inch screen'}), confidence=0.6666666666666667, lift=5.583333333333334), OrderedStatistic(items_base=frozenset({'8 GB', '750 GB', '15 inch screen', 'nan'}), items_add=frozenset({'Intel Core i7'}), confidence=0.8, lift=4.466666666666667), OrderedStatistic(items_base=frozenset({'Intel Core i7', '750 GB', '15 inch screen', 'nan'}), items_add=frozenset({'8 GB'}), confidence=0.8, lift=4.1230769230769235), OrderedStatistic(items_base=frozenset({'Intel Core i7', '8 GB', '15 inch screen', 'nan'}), items_add=frozenset({'750 GB'}), confidence=1.0, lift=3.941176470588235), OrderedStatistic(items_base=frozenset({'Intel Core i7', '8 GB', '750 GB', 'nan'}), items_add=frozenset({'15 inch screen'}), confidence=1.0, lift=3.5263157894736845)]"
54,"frozenset({'320 GB', 'Intel Core i3', '2 GB ', '4 GB', 'nan'})",0.014925373134328358,"[OrderedStatistic(items_base=frozenset({'4 GB', '2 GB '}), items_add=frozenset({'320 GB', 'Intel Core i3', 'nan'}), confidence=1.0, lift=7.444444444444445), OrderedStatistic(items_base=frozenset({'320 GB', '4 GB', '2 GB '}), items_add=frozenset({'Intel Core i3', 'nan'}), confidence=1.0, lift=3.0454545454545454), OrderedStatistic(items_base=frozenset({'Intel Core i3', '4 GB', '2 GB '}), items_add=frozenset({'320 GB', 'nan'}), confidence=1.0, lift=3.5263157894736845), OrderedStatistic(items_base=frozenset({'nan', '4 GB', '2 GB '}), items_add=frozenset({'320 GB', 'Intel Core i3'}), confidence=1.0, lift=7.444444444444445), OrderedStatistic(items_base=frozenset({'320 GB', 'nan', '4 GB', '2 GB '}), items_add=frozenset({'Intel Core i3'}), confidence=1.0, lift=3.0454545454545454), OrderedStatistic(items_base=frozenset({'nan', 'Intel Core i3', '4 GB', '2 GB '}), items_add=frozenset({'320 GB'}), confidence=1.0, lift=3.5263157894736845)]"
55,"frozenset({'320 GB', 'Intel Core i3', '2 GB ', '4 GB', 'nan', '12 inch screen'})",0.014925373134328358,"[OrderedStatistic(items_base=frozenset({'4 GB', '2 GB '}), items_add=frozenset({'320 GB', 'Intel Core i3', '12 inch screen', 'nan'}), confidence=1.0, lift=22.333333333333336), OrderedStatistic(items_base=frozenset({'12 inch screen', '4 GB', '2 GB '}), items_add=frozenset({'320 GB', 'Intel Core i3', 'nan'}), confidence=1.0, lift=7.444444444444445), OrderedStatistic(items_base=frozenset({'320 GB', '12 inch screen', '4 GB'}), items_add=frozenset({'nan', 'Intel Core i3', '2 GB '}), confidence=0.33333333333333337, lift=3.190476190476191), OrderedStatistic(items_base=frozenset({'320 GB', '12 inch screen', 'Intel Core i3'}), items_add=frozenset({'nan', '4 GB', '2 GB '}), confidence=0.33333333333333337, lift=22.333333333333336), OrderedStatistic(items_base=frozenset({'320 GB', '4 GB', '2 GB '}), items_add=frozenset({'12 inch screen', 'Intel Core i3', 'nan'}), confidence=1.0, lift=6.090909090909091), OrderedStatistic(items_base=frozenset({'Intel Core i3', '4 GB', '2 GB '}), items_add=frozenset({'320 GB', '12 inch screen', 'nan'}), confidence=1.0, lift=11.166666666666668), OrderedStatistic(items_base=frozenset({'nan', '4 GB', '2 GB '}), items_add=frozenset({'320 GB', 'Intel Core i3', '12 inch screen'}), confidence=1.0, lift=22.333333333333336), OrderedStatistic(items_base=frozenset({'320 GB', '12 inch screen', '4 GB', '2 GB '}), items_add=frozenset({'Intel Core i3', 'nan'}), confidence=1.0, lift=3.0454545454545454), OrderedStatistic(items_base=frozenset({'Intel Core i3', '12 inch screen', '4 GB', '2 GB '}), items_add=frozenset({'320 GB', 'nan'}), confidence=1.0, lift=3.5263157894736845), OrderedStatistic(items_base=frozenset({'nan', '12 inch screen', '4 GB', '2 GB '}), items_add=frozenset({'320 GB', 'Intel Core i3'}), confidence=1.0, lift=7.444444444444445), OrderedStatistic(items_base=frozenset({'320 GB', '12 inch screen', '4 GB', 'nan'}), items_add=frozenset({'Intel Core i3', '2 GB '}), confidence=0.33333333333333337, lift=3.190476190476191), OrderedStatistic(items_base=frozenset({'320 GB', '12 inch screen', 'Intel Core i3', 'nan'}), items_add=frozenset({'4 GB', '2 GB '}), confidence=0.33333333333333337, lift=22.333333333333336), OrderedStatistic(items_base=frozenset({'320 GB', 'nan', '4 GB', '2 GB '}), items_add=frozenset({'12 inch screen', 'Intel Core i3'}), confidence=1.0, lift=6.090909090909091), OrderedStatistic(items_base=frozenset({'nan', 'Intel Core i3', '4 GB', '2 GB '}), items_add=frozenset({'320 GB', '12 inch screen'}), confidence=1.0, lift=11.166666666666668), OrderedStatistic(items_base=frozenset({'320 GB', '2 GB ', '4 GB', 'nan', '12 inch screen'}), items_add=frozenset({'Intel Core i3'}), confidence=1.0, lift=3.0454545454545454), OrderedStatistic(items_base=frozenset({'Intel Core i3', '2 GB ', '4 GB', 'nan', '12 inch screen'}), items_add=frozenset({'320 GB'}), confidence=1.0, lift=3.5263157894736845)]"
